{
  "project_info": {
    "project_number": "870573505583",
    "firebase_url": "https://androidapp-65271.firebaseio.com",
    "project_id": "androidapp-65271",
    "storage_bucket": "androidapp-65271.appspot.com"
  },
  "client": [
    {
      "client_info": {
        "mobilesdk_app_id": "1:870573505583:android:529ec7ef3712a48b",
        "android_client_info": {
          "package_name": "svecw.app_17b01a0508"
        }
      },
      "oauth_client": [
        {
          "client_id": "870573505583-rdilvin03b6jhdm5du9q0pkbb0h5lev0.apps.googleusercontent.com",
          "client_type": 3
        }
      ],
      "api_key": [
        {
          "current_key": "AIzaSyAjeQ5OCvys5MFQzXccV14m-WYcxOqRWS8"
        }
      ],
      "services": {
        "appinvite_service": {
          "other_platform_oauth_client": [
            {
              "client_id": "870573505583-rdilvin03b6jhdm5du9q0pkbb0h5lev0.apps.googleusercontent.com",
              "client_type": 3
            }
          ]
        }
      }
    }
  ],
  "configuration_version": "1"
}